DATE,ALGERIA,ANGOLA,BENIN,BOTSWANA,BURKINAFASO,BURUNDI,CABOVERDE,CAMEROON,CAR,CHAD,COMOROS,CONGODR,CONGOREPUB,DJIBOUTI,EGYPT,EQGUINEA,ERITREA,ETHIOPIA,GABON,GAMBIA,GHANA,GUINEA,GUINEABISSAU,IVORYCOAST,KENYA,LESOTHO,LIBERIA,LIBYA,MADAGASCAR,MALAWI,MALI,MAURITANIA,MAURITIUS,MOROCCO,MOZAMBIQUE,NAMIBIA,NIGER,NIGERIA,RWANDA,SAOTOME,SENEGAL,SEYCHELLES,SIERRALEONE,SOMALIA,SOUTHAFRICA,SUDAN,TANZANIA,TOGO,TUNISIA,UGANDA,ZAMBIA,ZIMBABWE
1960,100,100,100,100,100,100,100,100,100,100,100,100,100,100,100,100,100,100,100,100,100,100,100,100,100,100,100,100,100,100,100,100,100,100,100,100,100,100,100,100,100,100,100,100,100,100,100,100,100,100,100,100
1961,86.4,100,103.1,106.3,104,86.3,100,101.2,105,101.4,100,89.1,108.4,100,104.4,100,100,100,114.8,100,103.4,100,100,109.9,92.2,101.9,102.4,100,102,107.6,100,115.5,100,100,100,100,104.5,100.2,95.7,100,103,95.1,101.8,96.7,103.8,100,100,112.2,100,100,101.4,106.3
1962,69.3792,105.2,99.5946,113.4221,110.344,94.1533,104.5,104.236,101.115,106.8756,103.2,107.9892,114.0368,101.7,111.6036,118.7,82.5,103.8,123.2952,104.5,107.6394,105.7,100.8,111.2188,100.959,117.4907,103.7312,132.6,104.346,108.3532,87.3,116.3085,102.7,116.6,108.2,100,115.2635,104.3082,106.5141,118.4,102.897,103.0884,106.381,103.5657,110.2356,106.9,103.5,116.4636,104.8,103.6,98.865,107.7882
1963,93.1762656,114.8784,104.2755462,120.1140039,108.909528,98.0135853,105.127,108.092732,100.407195,105.1655904,106.5024,113.6046384,109.475328,103.9374,121.7595276,119.1748,70.7025,108.99,130.8162072,108.5755,112.3755336,109.928,99.5904,127.345526,109.843392,129.9447142,106.1170176,138.8322,103.406886,106.8362552,92.7126,113.98233,111.5322,132.1078,116.0986,105.6,126.098269,113.2787052,96.0757182,140.896,104.852043,113.5003284,108.189477,106.4655396,118.3930344,103.9068,106.812,122.28678,117.376,109.9196,102.127545,114.4710684
1964,98.580489,126.940632,111.2620078,128.2817562,111.4144471,104.1884412,120.265288,111.8759776,102.5157461,102.5364506,106.6089024,110.8781271,113.6353905,106.2240228,131.6220493,130.1388816,62.5717125,118.90809,136.8337527,114.1128505,114.8477953,112.566272,97.7977728,149.7583386,115.3355616,140.7301255,111.6351025,132.8624154,107.5431614,109.7208341,92.0636118,145.5554354,111.3091356,144.658041,124.5737978,111.3024,126.2243673,118.9426405,84.06625343,179.501504,108.9412727,120.1968478,115.438172,99.97114168,127.7460841,102.7638252,112.579848,139.7737895,123.127424,120.91156,114.5871055,113.2118866
1965,104.6924793,136.58812,117.1588942,135.722098,115.6481961,108.3559788,123.9935119,114.1134972,103.4383878,103.1516693,109.5939517,111.9869083,117.8398999,110.0480876,138.3347739,104.371383,57.31568865,123.9022298,148.1909542,122.10075,116.4556645,117.0689229,92.51669307,145.1158301,117.6422728,143.8261882,116.9935874,110.5415296,107.0054456,124.6428675,94.91758377,168.9898605,126.6697963,156.8093164,131.5499305,117.6466368,134.9338486,124.7708298,89.95089116,218.2738289,110.3575092,118.8746825,123.7497203,94.07284433,135.5385952,109.7517653,115.7320837,161.4387269,126.328737,127.1989611,133.608565,118.7592691
1966,99.66724032,146.9688172,121.3766144,144.2725902,116.2264371,113.3403538,130.9371486,119.362718,104.0590181,101.2949393,112.6625823,119.6020181,119.4896585,113.019386,139.8564564,115.1216355,53.93406302,130.5929502,154.8595471,128.0836868,111.4480709,120.1127149,91.12894267,161.9492664,134.9356869,143.2508835,126.0020937,107.9990744,109.25256,141.095726,93.11414967,169.3278402,130.9765694,163.8657357,140.2322259,124.3524951,134.3941132,119.4056842,96.24745355,242.9387715,113.557877,135.3982633,125.8534656,102.6334732,141.5022934,105.8007018,119.8984388,176.6139672,130.7502428,135.2124957,126.1264854,120.5406581
1967,109.1356281,153.8763516,122.7117572,152.784673,126.4543636,128.9813227,141.8049319,106.3521818,108.949792,102.1052988,118.9716869,118.4059979,121.9989413,121.0437624,140.6955951,126.1733125,52.15423894,131.115322,161.2087886,128.0836868,114.9029611,122.154631,91.22007162,169.3989326,139.5235003,158.8652298,134.4442339,92.12321049,115.2614508,151.395714,104.2878476,175.4236425,145.2530155,180.2523093,151.3105717,131.5649398,134.5285073,100.6589917,102.8885278,263.3456283,112.1951825,136.0752546,125.8534656,108.6888481,151.6904586,107.2819116,124.6943763,186.3277354,131.0117433,144.4069454,136.0904777,130.6660734
1968,120.922276,153.8763516,127.3748039,168.9798484,130.3744489,128.5943787,146.7681045,113.0523692,110.4750891,101.5947723,122.4218658,123.4974558,131.2708609,128.0643006,144.4943762,152.1650149,51.00684568,123.5106333,165.2390083,140.3797207,115.3625729,127.0408163,88.30102932,190.5737992,150.6853803,158.2297689,140.8975572,91.66259444,123.0992294,148.5191955,108.146498,193.316854,157.8900278,198.0972879,166.1390078,139.5904011,135.0666214,99.45108385,110.0907248,274.1427991,119.263479,146.416974,128.3705349,110.862625,158.0614578,109.4275498,129.557457,195.6441222,144.6369646,153.215769,137.7235634,133.2793949
1969,131.0797472,151.2604536,131.0686732,194.4958055,132.9819378,126.665463,156.6015676,118.5919353,118.3188204,108.6048116,129.8895997,134.9827192,141.1161754,136.7726731,154.3199937,197.3580243,52.33302367,128.4510586,178.623368,143.748834,122.2843273,131.360204,87.50632006,208.6783101,162.7402107,160.6032154,151.1830788,85.97951358,127.6539009,157.281828,108.362791,195.6366563,174.3105907,214.73746,178.1010163,148.1054156,127.6379572,123.5182461,122.2007045,292.2362238,111.3920893,146.416974,139.2820304,108.9779604,165.4903463,110.9595355,133.5737382,216.7736874,151.4349019,167.6180513,137.1726692,149.8060398
1970,142.7458447,147.3276818,133.8211154,227.7545882,133.1149198,153.6452067,166.7806694,122.2682853,121.0401533,110.668303,134.5656252,134.7127538,150.1476107,142.3803526,162.9619134,156.3075552,54.63567671,129.0933139,194.163601,152.6612617,134.1459071,136.483252,87.85634534,230.3808544,155.0914208,164.1364861,161.3123451,68.18175427,134.4195577,158.0682371,114.9729212,219.113055,188.0811273,224.8301207,192.7052997,157.5841622,131.5947339,154.3978077,129.5327468,307.7247437,120.971809,159.4480847,151.260285,113.9909466,174.0958444,117.5061481,140.9202938,222.1930296,158.5523423,194.1017034,143.7569573,183.6622049
1971,126.6155642,148.3589756,131.8137987,286.515272,134.9785286,157.7936272,168.9488181,126.5476753,122.371595,108.2336004,146.6765315,142.795519,161.8591243,150.211272,168.5026185,193.8213685,57.53136758,132.7079267,214.1624519,152.5086005,141.1214942,138.121051,84.42994787,252.2670355,189.5217163,172.5074469,169.21665,65.11357533,139.6619204,183.6752916,117.9622172,223.05709,208.5819702,237.4206074,209.8560713,169.2453902,139.0956337,176.3222964,131.0871397,336.0354201,120.8508372,184.8003301,156.5543949,116.9547112,181.5819657,120.0912834,145.852504,222.1930296,175.3588906,212.9295687,143.6132003,200.0081411
1972,161.3082288,147.7655397,140.2498818,362.1553037,138.0830348,147.6948351,165.0629953,129.9644625,122.371595,109.42417,145.3564427,143.0811101,175.779009,158.0222582,171.8726708,227.9339294,61.27090647,132.4425109,238.3628089,152.8136177,137.5934569,142.5409246,89.83346454,262.862251,221.9299297,172.162432,176.1545327,86.08014658,137.8463155,195.0631596,124.8040258,221.4956904,237.7834461,243.118702,227.2741253,178.7231321,131.8626607,182.3172544,131.4804012,378.3758831,128.5852908,196.4427509,157.9633845,128.767137,184.6688591,113.9666279,150.0822266,239.0796999,206.3974143,229.7510046,156.8256148,216.6088168
1973,167.4379415,150.2775538,145.4391274,439.2943834,138.6353669,157.8857787,178.7632239,136.9825435,124.6966553,100.2325397,146.8100072,154.67068,190.1928877,163.0789705,173.0757795,200.3539239,65.80495355,113.9005594,262.6758155,167.0252841,141.5836671,146.6746114,90.82163265,278.3711238,235.0237956,217.6133141,172.1029784,99.25040901,134.2623113,199.5496123,122.9319654,211.3068886,262.9884913,251.8709753,246.1378776,191.0550282,109.4460084,192.1623862,135.9507348,416.5918472,121.3845145,214.3190413,161.5965423,126.1917943,193.1636266,114.6504277,157.4362558,248.1647284,204.9526324,244.2253179,155.2573586,222.240646
1974,179.9957871,151.3294967,150.2386186,477.9522892,150.1421024,156.7805783,176.2605388,151.6396757,132.5525445,105.2441667,151.9483574,159.4654711,205.2181259,169.1128924,177.402674,201.7564014,71.33256965,108.8889347,366.4327626,176.8797759,151.3529402,151.5148736,94.99942775,290.3410822,244.6597712,241.5507786,180.3639214,118.7034892,136.9475575,213.9171844,121.0879859,237.086329,294.5471103,265.9757499,260.9061503,203.091495,119.0772571,213.6845734,137.8540451,475.3312977,126.4826641,217.1051888,167.2524213,103.0986959,204.9466078,127.7205764,165.1506323,260.0766354,221.5537956,259.3672876,165.1938296,236.9085287
1975,188.9955765,155.8693816,142.8769263,518.1002815,154.6463655,157.8780423,176.2605388,168.6233193,133.0827547,114.7161417,158.1782401,151.4921975,221.0199216,171.31136,193.191512,232.221618,77.53850321,101.4844872,436.787853,198.8128681,132.5851756,154.0906265,102.4093831,314.439392,246.8617092,208.9414235,174.0511842,123.0955183,138.7278757,226.9661326,135.1341923,224.9949262,307.5071832,286.1899069,269.2551471,213.4491612,115.7430939,202.5729756,134.9591101,489.1159053,135.9688639,224.0525548,170.0957125,134.1314034,208.4307002,147.7727069,175.0596702,266.3184747,237.5056689,256.5142474,161.3943715,232.4072666
1976,204.8712049,152.1285165,144.1628186,573.0189113,167.7913065,170.3504077,185.2498263,159.3490368,140.2692235,118.1576259,169.7252516,143.463111,223.0091009,166.0007078,221.3974727,146.7640626,84.43942999,100.8755803,592.2843286,213.5250203,127.9446944,160.4083422,107.4274429,355.0020736,252.2926668,231.9249801,183.2758969,123.8340914,134.4273116,238.3144393,153.5124424,244.119495,351.1732032,317.0984168,273.2939743,222.2005768,116.5532956,220.8045434,161.2761366,490.0941371,148.0700928,260.5731213,169.4153296,132.7900894,213.0161756,172.450749,181.3618184,260.7257867,256.2686167,255.4881905,171.4008225,233.569303
1977,215.7293788,153.4976731,151.3709596,641.7811807,168.4624718,189.9407045,204.3305584,181.1798548,145.599454,120.7570937,178.7206899,144.6108159,202.9382818,157.2026703,249.7363493,188.1515282,92.54561527,93.20903616,517.6565032,220.784871,130.8874224,166.8246759,99.692667,380.9172249,276.2604701,282.4846258,186.2083113,119.4998982,137.6535671,249.9918468,163.1837263,239.4812246,373.9994614,336.4414203,277.3933839,233.0884051,125.6444527,234.052816,164.5016594,535.1827978,144.0722003,244.4175878,169.4153296,163.7301802,212.8031594,183.1426954,189.8858238,278.9765918,264.9817497,255.7436786,163.5163847,217.4530211
1978,235.5764816,157.3351149,153.338782,733.5558895,176.2117455,188.2312382,214.5470863,221.0394229,147.3466474,120.1533082,191.7673003,136.9464427,215.9263318,151.8577795,264.2210575,202.8273474,101.985268,83.79492351,393.4189424,234.6943179,142.0128533,173.8313122,112.7524064,422.4372024,295.3224425,334.1793123,195.1463102,119.6193981,133.9369208,274.2410559,160.7359704,238.2838185,388.2114409,343.8431315,273.2324832,243.3442949,142.6064538,220.4777527,179.635812,534.1124322,138.3093123,296.2341164,173.4812976,169.7881969,219.1872542,172.3372764,196.5318276,309.6640169,281.9405817,258.8126028,164.497483,211.5817895
1979,253.2447177,154.0310775,163.3058029,822.3161521,182.73158,191.4311692,217.7652926,234.3017882,143.6629812,94.44050026,217.6558858,137.4942285,237.0871123,156.5653707,280.074321,255.9681124,112.999677,90.33092754,395.3860372,231.6432917,138.462532,173.8313122,115.0074545,432.5756953,317.7669482,343.8705124,201.5861384,131.7009573,147.1966759,286.3076624,177.4525113,249.7214417,401.7988413,360.3476018,268.3142985,254.0514439,152.731512,235.4702399,201.0124737,534.1124322,147.9909642,343.0391067,181.2879559,165.2039156,227.5163698,163.7204126,202.8208461,293.561488,300.54866,241.2133458,159.5625585,218.5639885
1980,255.2706755,157.7278234,174.4105975,920.9940904,184.1934327,193.3454809,229.3068531,229.6157525,137.1981471,88.77407025,233.7624214,140.5191015,278.8144441,165.176466,308.0817531,268.2545818,126.4466385,93.94416464,405.6660741,246.2368191,139.1548446,178.3509264,96.60626178,384.9923688,335.5618973,334.5860085,193.3211068,132.491163,148.3742493,287.4528931,169.8220534,258.2119708,361.2171584,373.3201155,279.583499,265.7378103,149.3714187,245.3599899,219.1035963,528.2371954,143.1072624,328.6314643,189.9897778,158.7609628,242.5324502,166.1762188,209.5139341,336.4214652,322.7892609,233.012092,164.3494353,250.0372029
1981,262.9287957,150.7877991,191.8516572,1004.804553,192.1137503,216.9336296,248.7979356,268.8800462,135.1401749,89.66181095,242.8791558,143.8915599,327.8857863,168.4799954,319.7888597,283.8133476,143.0111482,93.94416464,426.3550439,254.3626342,134.2844251,179.4210319,114.1886014,398.4671017,348.3132494,336.9281106,189.2613635,105.9929304,133.9819471,272.2178897,172.3693842,267.2493897,382.5289707,366.9736735,293.562674,268.3951884,150.2676472,213.2178313,230.9351905,473.8287643,150.4057327,301.6836842,195.4994814,167.8103377,255.6292025,178.473259,210.5615037,325.3195569,340.5426702,242.0995636,174.5391003,281.2918532
1982,279.7562387,150.7877991,196.0723937,1127.390708,210.5566703,214.5473597,255.7642778,289.0460496,145.5459683,94.41388693,258.4234218,143.1721021,405.2668318,171.3441553,351.4479568,290.0572412,162.7466866,94.78966212,413.1380375,252.3277331,125.0187997,182.6506105,118.9845227,399.2640359,353.5379481,352.0898756,184.7190908,107.5828244,131.5702721,279.023337,159.6140497,261.1026538,403.5680641,400.0013041,273.3068495,267.3216076,152.6719296,210.8724351,235.0920239,488.517456,162.1373799,298.3651637,204.8834565,174.6905616,254.6066857,189.1816545,211.8248727,313.6080528,338.8399569,261.9517278,169.6520055,288.6054414
1983,294.8630756,157.1208867,187.6412807,1275.078891,211.1883403,222.485612,280.0618842,308.990227,133.7567449,109.2368672,270.827746,145.1765115,429.1775749,179.9113631,377.4551056,304.5601033,186.1822095,102.5624144,436.2737676,279.831456,119.267935,185.0250684,114.9390489,383.6927385,358.1339414,359.1316731,181.2094281,102.5264316,132.7544045,289.3472004,162.4871026,270.763452,405.1823364,405.6013224,230.3976741,262.5098187,145.343677,200.1179409,249.1975453,469.4652752,153.5440988,293.2929559,200.5809039,159.3177922,250.0237654,193.1544693,216.9086697,296.673218,354.7654349,276.8829763,166.2589653,293.2231285
1984,311.3754078,166.5481399,202.4649419,1383.460597,207.3869502,222.9305832,290.7042358,332.1644941,146.4636357,111.4216045,281.9316836,153.1612197,459.2200051,187.6475517,400.479867,307.6057043,211.3168078,99.69066681,468.9943002,289.6255569,129.5249774,187.6154194,125.3985024,373.3330346,364.5803524,378.8839151,177.4040301,94.01673781,135.0112294,304.9719493,161.9996413,262.0990215,424.2259062,431.559807,215.4218253,261.9847991,120.9259392,196.1155821,238.7312484,441.2973587,159.2252304,306.4911389,208.804721,165.0532327,262.7749774,183.4967458,224.2835645,313.2869182,374.9870646,276.0523274,165.7601884,287.6518891
1985,322.8962979,172.3773248,217.6498125,1481.686299,225.014841,249.236392,315.7048001,359.0698181,152.1757175,135.7115143,288.4161123,153.9270258,453.7093651,197.5928719,426.9115383,347.2868402,231.6032213,88.6250028,458.2074313,287.3085525,136.1307512,196.9961904,130.6652395,390.1330211,380.2573075,388.7348969,175.9847978,94.58083824,136.6313642,319.0006589,194.8855685,269.9619921,453.9217196,457.4533954,217.5760435,263.2947231,130.2372366,212.3931754,249.2354234,482.338013,164.479663,340.5116553,197.7380708,178.5875978,259.6216777,171.9364508,234.6006084,330.8309856,395.9863403,266.9426006,168.4123515,307.4998694
1986,324.1878831,177.2038899,222.4381084,1603.184575,243.0160282,257.461193,324.8602393,383.4865657,157.6540433,130.1473422,293.8960185,161.161596,422.4034189,201.9399151,438.0112382,339.2992428,252.215908,97.22162807,454.5417719,299.0882031,143.2095503,203.1030723,129.6199175,403.0074108,407.6358337,407.005437,172.9930563,83.79862268,139.3639914,318.3626576,200.1474789,285.3498257,497.9521264,499.9965612,212.5717945,275.9328698,138.5724197,193.702576,262.9433717,454.3624083,169.5785326,339.830632,200.1109276,184.6595761,259.6216777,181.2210191,250.0842486,336.1242814,390.4425315,268.010371,169.5912379,313.9573667
1987,321.9185679,191.2029972,219.1015368,1793.96354,242.5299962,271.6215586,338.8292296,375.4333478,149.9289952,127.023806,298.5983548,165.5129591,423.2482257,203.5554344,448.9615192,354.2284095,271.8887489,110.7354344,376.8151289,306.5654082,150.0836087,209.8054736,133.3788952,401.7983886,431.6863479,409.8544751,171.2631257,71.48022515,141.0363593,323.4564601,199.9473314,290.7714724,542.2698656,498.4965715,243.8198483,285.8664531,138.7109921,172.7826978,262.9433717,441.1858984,179.9228231,354.7831798,214.5189144,194.0772145,265.0737329,206.9544039,264.8392193,337.8049028,416.6021811,278.7307858,174.1702013,317.7248551
1988,318.6993822,201.9103651,226.550989,2141.992467,256.596736,285.2026365,359.1589834,346.1495467,152.4777881,146.7124959,306.6605104,166.3405239,430.8666938,205.5909887,472.7564797,363.7925766,289.5615175,111.2891115,425.0474654,320.3608516,158.4882908,223.0232185,139.5143243,406.2181709,458.4509014,445.10196,167.8378632,76.91272226,145.8315956,333.8070669,214.7434339,295.7145874,579.1442165,557.8176636,263.8130759,288.1533847,148.2820506,185.7414001,274.7758234,450.0096164,178.8432861,373.9414715,199.2880715,192.9127512,276.2068297,206.3335407,276.4921449,360.1000264,417.0187833,301.8654411,185.142924,341.871944
1989,332.722155,202.7180065,219.9810104,2422.59348,262.2418642,288.9102708,379.6310454,339.9188549,155.5273438,153.9014082,296.847374,164.1780971,442.0692278,210.7307635,496.3943037,359.4270657,304.3291549,110.8439551,461.1764999,339.2621418,166.5711936,231.9441472,148.0246981,417.9984978,479.9980938,470.9178736,123.0251537,82.45043826,151.810691,338.1465587,223.7626581,309.9088876,605.2057062,573.4365581,280.9609258,293.628299,149.616589,197.8145911,274.7758234,463.9599145,185.9970176,415.8229163,200.683088,192.5269257,282.8357936,224.6972258,286.9988464,374.8641274,424.1081026,321.1848293,183.2914948,359.6492851
1990,335.3839323,202.1098525,239.7793013,2587.329836,260.668413,299.0221303,382.2884627,319.1838047,152.2612696,147.4375491,311.9865901,153.3423427,446.4899201,211.7844173,524.688779,352.9573785,317.1109794,113.8367419,485.1576779,351.4755789,172.068043,241.9177455,157.0542047,413.4005144,500.1580137,499.172946,60.28232533,85.50110448,156.5168224,357.4209126,218.1685917,304.3305276,648.7805171,592.9334011,283.7705351,299.500865,147.6715734,223.1348588,268.1812036,453.7527964,184.6950384,444.9305205,207.3056299,189.6390218,281.9872862,212.3388784,307.0887657,374.1143992,457.6126427,342.0618432,182.3750373,384.8247351
1991,331.3593251,199.6845343,249.850032,2781.379574,284.3892386,313.9732368,387.6405012,307.0548201,151.347702,159.9697408,295.1393142,140.4615859,457.2056782,202.6776873,530.4603556,349.4278047,340.2600809,105.7543332,514.7522963,362.3713219,181.1876493,248.2076069,165.0639691,413.4005144,507.1602259,534.1150523,51.72223513,98.92477788,146.6562626,388.516532,243.6943169,309.8084771,677.3268599,635.624606,297.6752913,324.0599359,151.3633627,221.7960496,261.4766735,459.19783,189.4971094,457.388575,212.280965,139.7639591,279.1674134,228.2642942,313.5376297,371.4955984,475.4595358,361.2173064,182.3750373,405.9900955
1992,337.3237929,185.9063014,257.3455329,2862.039582,284.958017,317.1129691,429.8933158,297.5361207,141.6614491,172.76732,320.2261559,125.7131194,469.0930258,202.6776873,553.8006112,470.6792529,357.6133451,96.55370622,498.7949751,374.6919468,188.2539676,256.398458,166.8796728,412.5737133,503.1029441,571.5031059,33.5677306,96.25380888,148.4161377,360.1548251,235.8960988,315.6948382,721.3531057,622.2764893,282.1961762,347.3922513,141.5247441,222.6832338,276.9037973,462.4122148,191.7710747,490.3205524,171.9475816,128.3033144,273.3048977,243.3297377,315.4188555,356.6357745,512.5453796,373.4986948,179.2746617,369.4509869
1993,330.2399933,139.987445,272.2715738,2916.418334,294.9315476,297.4519651,467.2940343,274.0307672,142.0864334,145.6428508,329.8329406,108.7418482,464.4020956,189.30096,569.860829,522.4539708,405.8911467,109.2022417,518.2479791,385.9327052,197.478412,269.2183809,170.3841459,411.7485659,505.1153559,591.5057146,22.4903795,92.59616414,151.5328766,395.0898432,243.4447739,334.3208336,758.1421141,617.9205538,307.0294397,341.8339753,143.5060906,227.3595817,254.4745897,467.4987491,194.2640987,520.7204267,174.3548478,144.0846221,276.5845565,254.5229056,319.2038818,302.7837725,523.8213779,404.4990865,191.4653387,373.5149478
1994,327.2678333,144.8870055,277.7170053,3021.409394,298.7656578,286.1487904,557.0144889,279.7854133,149.0486687,160.3527787,312.3517948,104.5009162,438.8599803,187.5972513,592.6552621,609.7037839,491.9400698,112.6967135,537.4231544,386.7045707,203.9951996,279.9871161,175.8364386,415.0425544,518.2483552,626.9960575,17.58747677,94.35549126,151.3813438,354.7906792,252.6956753,323.9568878,789.2259408,683.4201325,326.0652649,347.6451529,149.2463342,229.405818,126.7283457,477.7837216,194.2640987,516.5546633,171.0421057,178.3767621,285.4352623,257.0681346,324.3111439,348.2013384,540.583662,430.387028,174.9993196,407.878323
1995,339.704011,159.9552541,294.3800256,3232.908051,315.7953002,263.5430359,636.1105463,289.5779028,159.7801728,162.2770121,323.5964594,105.2324226,456.4143795,181.0313475,619.9174042,716.4019461,506.2063318,119.571213,564.2943121,390.1849118,212.3590028,292.8665234,183.5732419,444.5105758,541.0512828,647.6869274,16.83121527,82.65541034,153.9548266,414.0407226,254.9699364,355.7046628,823.1626563,646.5154454,333.2387007,361.2033138,153.1267389,228.7176005,171.3367233,487.339396,204.7543601,512.422226,157.3587372,194.252294,294.2837554,272.4922227,335.9863451,375.3610428,553.5576699,479.8815363,180.0742998,408.6940796
1996,353.6318754,177.8702426,307.0383667,3420.416718,350.5327833,242.4595931,707.9910381,302.3193305,153.3889659,165.8471063,319.3897054,104.1800984,476.0401978,173.6090623,650.9132744,1193.525642,553.2835206,134.3980434,584.6089073,398.7689798,222.1275169,306.045517,204.867738,478.7378901,563.2343854,683.9573954,18.86779232,84.80445101,157.187878,444.2656953,273.0728019,376.3355332,869.259765,726.6833606,422.5466725,372.7618199,158.333048,240.1534805,193.0964872,494.649487,208.8494473,537.5309151,160.1911945,214.8430371,306.9379569,288.5692639,351.1057306,408.3928146,592.8602645,523.5507561,191.2389064,451.1982639
1997,357.5218261,191.9219917,324.5395536,3694.050056,372.6163486,238.5802396,786.5780433,318.0399357,161.5185811,175.3003914,332.1652936,98.34601285,473.1839566,172.3937989,686.7135045,2983.814105,596.9929188,138.5643827,617.931615,418.3086599,231.4568726,321.9598839,218.1841409,496.4511921,566.0505573,709.263819,38.92425555,84.29562431,163.0038294,461.1477918,286.1802964,361.2821119,918.8075716,715.0564268,468.1817132,388.4178163,162.7663733,246.877778,219.7438024,499.5959819,215.3237801,602.0346249,150.739914,245.1359054,314.9183438,319.1576058,363.3944312,467.2013798,624.8747188,550.2518446,198.5059849,463.380617
1998,375.7554392,204.9726872,337.5211358,3719.908406,399.8173421,249.7935108,884.9002987,332.3517328,169.1099544,187.5714188,336.4834424,96.77247664,490.691763,172.5661927,714.1820447,3693.961862,607.7387913,133.7146294,639.5592215,432.949463,242.3353456,333.5504397,156.8743973,520.7773005,584.7302257,719.9027763,50.67938073,83.95844181,169.3609788,479.1325556,307.9299989,371.3980111,974.8548335,766.5404896,523.895337,401.2356042,179.6940762,253.543478,239.3010009,512.0858814,228.0278831,652.6055333,153.4532325,246.3615849,316.4929355,332.8813829,376.8400251,456.4557481,654.8687053,577.214185,197.7119609,476.8186549
1999,387.7796133,211.5318132,355.409756,4080.739522,429.4038254,247.2955757,984.0091322,346.6428573,175.1979128,186.2584188,342.8766279,92.61126015,477.9337772,176.3626489,757.7471494,4643.310061,607.7387913,140.6677901,582.6384508,460.6582286,252.9981008,346.2253564,158.4431413,529.1097373,598.1790209,723.5022901,61.67680634,84.37823402,177.3209448,493.5065323,325.4820088,399.9956579,1000.201059,774.972435,564.7591733,414.8776148,178.6159117,254.8111954,249.5909439,524.8880284,242.3936398,665.0050385,150.3841678,279.6203989,324.0887659,343.2007057,394.9283463,467.8671418,694.8156963,623.968534,207.0044231,473.0041057
2000,402.5152386,217.8777675,376.3789316,4162.354312,437.1330942,245.0699155,1124.722438,359.1220001,170.8179649,184.5820931,379.9073037,86.2210832,514.2567443,177.0680995,798.6654954,5488.392492,588.8988888,149.2485253,571.5683203,485.9944312,262.3590306,354.8809903,166.9990709,517.9984328,601.768095,751.7188795,79.31637296,87.50022868,185.8323501,501.4026368,325.1565268,398.3956753,1090.219154,789.6969112,574.3600793,429.3983313,176.1152889,268.3161888,270.5565832,526.9875806,250.1502363,674.9801141,160.4599071,292.2033168,337.7004941,364.8223502,414.2798353,464.1242047,727.472034,643.3115586,215.0775956,458.3409784
2001,414.5906957,227.0286338,396.3270149,4174.841375,465.9838785,250.2163838,1149.466332,374.9233681,178.5047734,206.178198,388.6451716,84.41044045,533.7985006,180.6094615,826.6187878,8968.033332,640.721991,161.6361529,583.571255,514.1821082,272.8533918,368.0115869,170.6730505,518.5164312,624.6352826,778.7807591,81.61654777,85.92522456,196.9822912,476.332505,375.230632,406.3635888,1118.564853,847.3447857,647.3038094,434.5511113,188.6194745,280.1221011,293.5538927,543.8511831,261.6571471,659.4555714,149.0672537,323.1768684,346.8184074,388.535803,439.1366254,456.6982174,755.1159713,676.7637596,226.4767081,464.7577521
2002,437.8077747,211.3636581,414.5580576,4429.506699,486.4871691,261.2259047,1210.388047,390.6701496,184.9309452,223.7033448,397.5840106,86.85834322,558.3532316,185.3053075,846.4576387,10716.79983,659.9436507,164.0606952,582.4041125,497.2140986,285.1317944,387.1481895,168.96632,509.7016519,627.758459,784.2322244,84.71797659,85.06597231,171.9655402,484.4301576,386.8627816,409.2081339,1142.054714,873.6124741,704.2665446,455.4095646,194.2780587,290.7667409,332.3030066,556.9036115,263.4887472,667.3690383,188.2719414,333.5185282,359.6506885,413.4020944,470.7544624,452.5879334,764.9324789,735.6422067,236.66816,423.3943122
2003,469.3299345,222.3545683,428.6530316,4633.264007,524.4331683,258.0911938,1261.224345,408.6409765,174.9446742,256.5877365,405.9332748,91.72241044,562.8200574,191.2350773,873.5442831,12217.15181,642.1251721,160.4513599,595.217003,531.5218714,299.9586477,391.7939677,169.9801179,502.5658288,645.9634543,820.3069068,59.21786564,96.12454871,188.8181631,512.0426765,422.0672947,433.7606219,1184.310739,926.0292226,750.04387,474.5367663,204.5747958,321.006482,339.6136727,593.6592499,281.1424932,627.994265,205.9695039,333.8520467,370.0805585,445.2340556,503.2365203,475.2173301,800.8843054,783.4589501,252.998263,351.4172791
2004,489.5111216,246.5912162,447.513765,4758.362135,548.0326609,270.4795711,1389.869229,436.4285629,185.4413546,342.8012159,413.646007,97.86781194,582.5187594,198.5020103,909.3595987,16859.6695,651.7570497,182.2727448,599.383522,569.2599243,316.756332,400.805229,174.7395612,508.5966187,678.9075905,834.2521242,60.75753014,100.4501534,198.8255258,539.6929811,428.8203714,458.4849774,1251.816451,970.4786252,808.5472918,532.9047886,204.7793706,429.1856664,364.7450845,616.2183014,297.7299003,609.7824313,219.1515521,319.8302607,387.1042642,462.5981838,542.4889689,485.1968941,850.5391324,836.7341587,270.7081415,331.0350769
2005,518.3922778,291.7174088,455.121499,4977.246793,595.7115024,272.9138872,1485.770205,445.1571341,187.1103268,402.1058263,425.2280952,103.8377485,627.9552227,204.8540746,950.2807807,19675.2343,668.702733,203.7809287,615.5668771,564.1365849,335.4449556,412.8293859,182.2533623,517.2427613,718.9631384,863.4509485,63.97767924,112.4037217,207.9714999,557.5028495,456.6936955,499.7486253,1266.838248,1002.50442,878.8909062,546.2274083,213.9944423,443.777979,399.0311225,659.9698008,314.4027747,664.6628502,228.5750689,309.5956924,407.6207902,497.2930476,586.9730644,491.0192568,880.308002,889.4484107,290.1991276,312.1660775
2006,527.2049465,352.1029124,472.8712374,5395.335524,633.241327,287.6512372,1604.631822,460.7376338,196.0916225,404.5184613,436.2840257,109.3411491,666.8884465,214.6870702,1015.850155,21190.22734,662.0157057,225.789269,598.3310045,570.3420874,356.9134328,423.1501205,186.4451897,525.0014027,765.6957423,899.7158884,69.09589358,119.7099636,218.3700749,583.7054834,478.1582992,594.2011155,1374.519499,1078.694756,965.9011059,585.0095543,226.4061199,480.1677733,435.7419857,720.0270527,322.2628441,727.1411581,241.1466976,290.0911638,430.4475544,547.5196454,614.5607984,511.1510463,926.0840181,985.5088391,313.1248587,301.2402648
2007,545.1299147,431.6781706,501.2435117,5843.148372,669.3360827,301.4584965,1848.535859,483.3137779,205.1118371,417.8675705,439.7742979,116.2296415,656.2182313,225.6361107,1087.975516,24432.33213,671.2839256,251.7550349,634.2308648,590.8744025,372.2607104,450.6548783,192.4114357,534.4514279,818.5287486,942.902251,75.66000347,127.3714012,231.9090196,639.7412098,494.8938397,610.8387468,1452.867111,1116.449072,1037.377788,623.6201849,233.4247096,512.8191819,469.2941186,743.7879454,338.0537235,802.7638385,260.6795801,269.7847823,453.6917224,610.4844046,666.7984663,522.9075204,988.1316473,1068.291582,339.4273469,290.094375
2008,558.2130327,491.2497581,525.8044438,6205.423572,718.1976167,316.5314214,1972.387761,500.2297601,209.4191857,430.8214652,441.5333951,123.4358793,692.9664523,238.7230052,1166.309753,28781.28724,605.4981009,278.9445787,613.3012462,624.5542435,406.136435,469.1317284,198.5686017,547.8127136,820.1658061,1006.076702,81.03186372,130.8104291,248.37456,688.3615417,518.648744,617.557973,1531.321935,1182.319567,1108.956855,639.8343097,255.8334818,545.1267904,521.8550599,804.7785569,350.5617112,785.9057979,274.7562775,276.7991867,468.2098575,658.1021882,704.1391804,534.4114858,1029.633177,1161.232949,365.9026799,238.7476706
2009,567.1444412,503.0397523,537.897946,5727.605957,739.7435452,327.6100211,1946.74672,511.2348149,212.9793119,448.9159667,449.9225296,127.0155198,744.9389362,250.6591554,1221.126311,29155.44398,629.1125268,303.4917016,613.9145475,664.5257151,425.6309839,462.0947524,205.1213655,565.8905332,847.2312777,1028.210389,85.32655249,129.7639456,238.4395776,745.4955497,543.025235,611.3823933,1581.855559,1231.976989,1179.930094,641.7538126,254.0426474,582.7405389,554.7319287,824.0932423,358.9751923,777.2608341,287.3950662,283.9959655,461.1867096,679.1614582,742.1626961,553.1158878,1060.522172,1240.19679,399.5657265,267.3973911
2010,587.5616411,520.1431039,549.1938028,6220.180069,779.6896966,340.0592019,1975.947921,528.6167986,219.3686912,509.9685382,459.8208253,136.0336217,810.4935626,259.4322259,1283.403753,26560.60946,642.9530024,341.731656,657.5024804,707.7198865,459.2558316,481.9648268,214.7620697,577.2083438,918.398705,1090.931223,90.5314722,136.2521429,239.1548963,796.9347426,572.3485977,640.7287481,1651.457203,1278.792115,1258.98541,680.2590414,275.3822298,628.1943009,595.2273595,879.3074895,374.0521504,823.8964842,302.9143998,291.3798606,475.0223109,702.9321092,789.6611087,575.2405233,1097.640448,1309.64781,440.7209963,301.0894624
2011,604.6009287,540.428685,565.6696169,6593.390873,831.1492166,354.3416884,2054.985838,550.2900873,226.607858,510.4785067,471.7761667,145.4199416,838.0503437,271.106676,1306.50502,28287.04908,698.8899136,380.0056015,704.1851565,677.2879314,523.5516481,508.4728923,232.1577974,551.8111767,974.421026,1166.205477,97.95505292,51.63956217,242.7422198,835.984545,590.6637528,670.8429993,1719.166949,1345.289305,1348.373374,714.9522525,281.7160211,658.9758217,641.6550935,917.997019,380.7850891,888.9843064,317.454291,260.2022155,490.6980472,688.873467,852.0443363,603.427309,1076.785279,1432.754704,465.4013721,347.4572396
2012,625.1573603,568.5309766,592.8217585,6890.093462,885.1739157,368.5153559,2077.590682,575.0531412,235.8987802,555.9110938,485.9294517,155.8901774,869.8962568,284.1197965,1335.248131,30634.87415,747.8122075,412.6860832,741.5069698,715.2160556,572.2419513,538.4727929,228.2111148,610.8549726,1019.244393,1236.177806,105.7914571,105.6029046,250.0244864,851.8682514,585.9384428,709.7518933,1779.337792,1385.647984,1445.456257,751.4148174,314.9585115,687.311782,698.1207418,946.4549266,397.539633,947.6572707,365.7073432,263.3246421,501.4934042,692.3178344,895.4985974,632.3918198,1119.85669,1487.199383,500.7718764,398.8809111
2013,642.6617663,607.191083,635.5049251,7668.674023,936.5140028,385.4670623,2094.211408,606.1060109,149.3239279,587.5980262,502.9369825,169.1408425,899.4727295,298.3257863,1364.62359,29378.84431,770.994386,456.4308081,783.0313601,749.5464262,614.0156138,559.4732318,235.7420816,665.2210652,1079.379812,1258.429007,114.9953139,91.2409096,255.7750495,896.1654004,599.4150269,753.0467587,1839.835277,1448.002143,1548.083651,793.4940471,331.6513127,724.4266182,730.9324166,991.8847631,411.4535202,1004.516707,441.4087633,270.6977321,514.0307393,722.7798191,960.869995,657.6874926,1152.332535,1540.738561,526.3112421,420.8193612
2014,667.0829135,636.336255,676.1772403,7983.089658,976.7841049,403.5840142,2106.776676,641.8662655,150.8171671,628.14229,513.4986592,185.2092225,960.6368751,316.2253335,1404.197674,29496.35969,809.5441053,503.4431813,816.7017085,756.2923441,638.5762383,580.1737414,238.0995024,723.7605189,1137.666322,1297.440306,115.8002811,69.3430913,264.2156262,947.2468283,641.3740788,795.2173772,1907.909182,1487.098201,1662.641842,844.2776661,356.5251611,770.0654952,786.4832803,1056.357273,428.3231145,1037.665758,461.7135664,280.4428504,522.7692619,742.2948742,1028.130895,696.4910547,1184.597845,1619.316227,551.0478704,429.6565678
2015,692.4320642,655.4263426,690.3769624,7847.377134,1014.878685,387.8442377,2129.951219,678.4526426,158.0563912,639.4488512,518.6336458,197.9886589,985.6134339,336.7799802,1465.982372,26841.68732,848.4022223,555.8012722,848.5530752,788.8129149,663.4807116,600.4798224,252.6235721,787.4514446,1202.513303,1329.876313,115.8002811,62.27009599,272.4063106,973.7697395,679.8565236,806.3504205,1974.686003,1554.01762,1772.376203,894.9343261,370.7861675,790.8572636,856.4802922,1096.498849,456.1641169,1073.98406,367.0622853,290.5387931,529.5652623,778.667323,1100.100057,733.4050806,1197.628422,1703.520671,567.0282587,436.9607294
2016,715.2823223,650.8383582,717.9920409,8184.814351,1074.756527,385.5171723,2213.019317,708.9830115,165.1689288,594.6874316,530.043586,202.7403867,966.8867786,357.9971189,1529.019613,24452.77715,880.6415068,598.0421688,868.0697959,806.166799,687.3660172,640.1114906,267.2757392,852.8099145,1272.259074,1361.793345,113.9474766,60.40199311,283.8473756,998.1139829,719.2882019,822.4774289,2049.724072,1572.665832,1839.726499,904.7786037,389.3254759,778.2035473,907.0126295,1141.455302,486.7271128,1122.313342,390.1872093,299.8360344,531.1539581,815.2646872,1177.107061,770.0753346,1211.999963,1783.586143,587.441276,439.5824938
2017,715.2823223,650.8383582,717.9920409,8184.814351,1074.756527,385.5171723,2213.019317,708.9830115,165.1689288,594.6874316,530.043586,202.7403867,966.8867786,357.9971189,1529.019613,24452.77715,880.6415068,598.0421688,868.0697959,806.166799,687.3660172,640.1114906,267.2757392,852.8099145,1272.259074,1361.793345,113.9474766,60.40199311,283.8473756,998.1139829,719.2882019,822.4774289,2049.724072,1572.665832,1839.726499,904.7786037,389.3254759,778.2035473,907.0126295,1141.455302,486.7271128,1122.313342,390.1872093,299.8360344,531.1539581,815.2646872,1177.107061,770.0753346,1211.999963,1783.586143,587.441276,439.5824938
2018,715.2823223,650.8383582,717.9920409,8184.814351,1074.756527,385.5171723,2213.019317,708.9830115,165.1689288,594.6874316,530.043586,202.7403867,966.8867786,357.9971189,1529.019613,24452.77715,880.6415068,598.0421688,868.0697959,806.166799,687.3660172,640.1114906,267.2757392,852.8099145,1272.259074,1361.793345,113.9474766,60.40199311,283.8473756,998.1139829,719.2882019,822.4774289,2049.724072,1572.665832,1839.726499,904.7786037,389.3254759,778.2035473,907.0126295,1141.455302,486.7271128,1122.313342,390.1872093,299.8360344,531.1539581,815.2646872,1177.107061,770.0753346,1211.999963,1783.586143,587.441276,439.5824938
2019,715.2823223,650.8383582,717.9920409,8184.814351,1074.756527,385.5171723,2213.019317,708.9830115,165.1689288,594.6874316,530.043586,202.7403867,966.8867786,357.9971189,1529.019613,24452.77715,880.6415068,598.0421688,868.0697959,806.166799,687.3660172,640.1114906,267.2757392,852.8099145,1272.259074,1361.793345,113.9474766,60.40199311,283.8473756,998.1139829,719.2882019,822.4774289,2049.724072,1572.665832,1839.726499,904.7786037,389.3254759,778.2035473,907.0126295,1141.455302,486.7271128,1122.313342,390.1872093,299.8360344,531.1539581,815.2646872,1177.107061,770.0753346,1211.999963,1783.586143,587.441276,439.5824938
2020,715.2823223,650.8383582,717.9920409,8184.814351,1074.756527,385.5171723,2213.019317,708.9830115,165.1689288,594.6874316,530.043586,202.7403867,966.8867786,357.9971189,1529.019613,24452.77715,880.6415068,598.0421688,868.0697959,806.166799,687.3660172,640.1114906,267.2757392,852.8099145,1272.259074,1361.793345,113.9474766,60.40199311,283.8473756,998.1139829,719.2882019,822.4774289,2049.724072,1572.665832,1839.726499,904.7786037,389.3254759,778.2035473,907.0126295,1141.455302,486.7271128,1122.313342,390.1872093,299.8360344,531.1539581,815.2646872,1177.107061,770.0753346,1211.999963,1783.586143,587.441276,439.5824938